0,1,2,3,4,5
Pos.,Var.,Cidade,,Pop.[1],
Mais de 500.000 habitantes,Mais de 500.000 habitantes,Mais de 500.000 habitantes,Mais de 500.000 habitantes,Mais de 500.000 habitantes,Mais de 500.000 habitantes
1,,Cuiabá,,691.875,
Mais de 200.000 habitantes,Mais de 200.000 habitantes,Mais de 200.000 habitantes,Mais de 200.000 habitantes,Mais de 200.000 habitantes,Mais de 200.000 habitantes
2,,Várzea Grande,,318.922,
3,,Rondonópolis,,263.708,
4,,Sinop,,223.780,
Mais de 100.000 habitantes,Mais de 100.000 habitantes,Mais de 100.000 habitantes,Mais de 100.000 habitantes,Mais de 100.000 habitantes,Mais de 100.000 habitantes
5,,Sorriso,,124.665,
6,,Tangará da Serra,,114.603,
Menos de 100.000 habitantes,Menos de 100.000 habitantes,Menos de 100.000 habitantes,Menos de 100.000 habitantes,Menos de 100.000 habitantes,Menos de 100.000 habitantes
7,,Primavera do Leste,,96.006,
8,,Lucas do Rio Verde,,95.792,
9,,Cáceres,,91.767,
10,,Barra do Garças,,73.878,
11,,Nova Mutum,,63.455,
12,,Alta Floresta,,62.158,
13,,Pontes e Lacerda,,55.762,
14,,Campo Novo do Parecis,,51.722,
Menos de 50.000 habitantes,Menos de 50.000 habitantes,Menos de 50.000 habitantes,Menos de 50.000 habitantes,Menos de 50.000 habitantes,Menos de 50.000 habitantes
15,,Campo Verde,,49.053,
16,,Juína,,48.396,
17,,Confresa,,38.460,
18,,Juara,,36.089,
19,,Peixoto de Azevedo,,33.754,
20,,Sapezal,,32.514,
21,,Água Boa,,32.099,
22,,Colíder,,32.054,
23,,Guarantã do Norte,,31.209,
24,,Poconé,,31.203,
25,,Querência,,31.100,
26,,Jaciara,,29.803,
27,,Barra do Bugres,,29.406,
28,,Paranatinga,,28.870,
29,,Canarana,,28.324,
30,,Mirassol d'Oeste,,27.637,
31,,Aripuanã,,26.558,
32,,Colniza,,26.026,
33,,Nova Xavantina,,25.915,
34,,Poxoréu,,25.103,
35,,Diamantino,,22.623,
36,,Matupá,,21.959,
Menos de 20.000 habitantes,Menos de 20.000 habitantes,Menos de 20.000 habitantes,Menos de 20.000 habitantes,Menos de 20.000 habitantes,Menos de 20.000 habitantes
37,,Vila Rica,,19.686,
38,,Chapada dos Guimarães,,19.458,
39,,Pedra Preta,,18.946,
40,,Comodoro,,18.469,
41,,Alto Araguaia,,17.751,
42,,São José dos Quatro Marcos,,17.721,
43,,Brasnorte,,17.645,
44,,Vila Bela da Santíssima Trindade,,17.592,
45,,Santo Antônio de Leverger,,16.839,
46,,Nova Olímpia,,16.204,
47,,Campinápolis,,15.808,
48,,Nobres,,15.796,
49,,Tapurah,,15.638,
50,,Rosário Oeste,,15.041,
51,,Araputanga,,14.805,
52,,São Félix do Araguaia,,14.604,
53,,São José do Rio Claro,,14.455,
54,,Nova Bandeirantes,,14.340,
55,,Alto Garças,,13.956,
56,,Porto Alegre do Norte,,12.649,
57,,Itiquira,,12.587,
58,,Paranaíta,,12.079,
59,,Alto Taquari,,11.877,
60,,Nova Canaã do Norte,,11.734,
61,,Nossa Senhora do Livramento,,11.658,
62,,Juscimeira,,11.622,
63,,Marcelândia,,11.355,
64,,Arenápolis,,10.769,
65,,Vera,,10.758,
66,,Terra Nova do Norte,,10.591,
67,,Ribeirão Cascalheira,,10.541,
68,,Feliz Natal,,10.523,
69,,Carlinda,,10.260,
70,,Guiratinga,,10.252,
71,,Porto Esperidião,,10.088,
72,,Juruena,,10.057,
73,,Cotriguaçu,,10.030,
74,,Nova Ubiratã,,9.760,
Menos de 10.000 habitantes,Menos de 10.000 habitantes,Menos de 10.000 habitantes,Menos de 10.000 habitantes,Menos de 10.000 habitantes,Menos de 10.000 habitantes
75,,Campos de Júlio,,9.946,
76,,Tabaporã,,9.895,
77,,Gaúcha do Norte,,9.397,
78,,Cláudia,,9.301,
79,,Apiacás,,8.693,
80,,Ipiranga do Norte,,8.658,
81,,Nova Monte Verde,,8.470,
82,,Itanhangá,,8.257,
83,,Bom Jesus do Araguaia,,7.912,
84,,Dom Aquino,,7.890,
85,,Jauru,,7.881,
86,,Santa Terezinha,,7.737,
87,,Alto Paraguai,,7.525,
88,,Pontal do Araguaia,,7.441,
89,,Jangada,,7.413,
90,,Castanheira,,7.392,
91,,Novo São Joaquim,,7.239,
92,,Barão de Melgaço,,7.137,
93,,Nova Lacerda,,7.072,
94,,Denise,,6.675,
95,,Cocalinho,,6.495,
96,,Novo Mundo,,6.368,
97,,General Carneiro,,6.319,
98,,São José do Xingu,,6.234,
99,,Alto Boa Vista,,5.920,
100,,Nortelândia,,5.890,
101,,Santa Carmem,,5.795,
102,,Boa Esperança do Norte,,5.877,
103,,Nova Maringá,,5.705,
104,,Porto dos Gaúchos,,5.705,
105,,Itaúba,,5.201,
Menos de 5.000 habitantes,Menos de 5.000 habitantes,Menos de 5.000 habitantes,Menos de 5.000 habitantes,Menos de 5.000 habitantes,Menos de 5.000 habitantes
106,,Curvelândia,,4.970,
107,,Acorizal,,4.948,
108,,Lambari d'Oeste,,4.662,
109,,Nova Nazaré,,4.575,
110,,Nova Guarita,,4.546,
111,,Nova Santa Helena,,4.502,
112,,Canabrava do Norte,,4.451,
113,,Rio Branco,,4.440,
114,,São Pedro da Cipa,,4.250,
115,,Santo Antônio do Leste,,4.244,
116,,Torixoréu,,4.238,
117,,Araguaiana,,4.005,
118,,Conquista d'Oeste,,3.908,
119,,União do Sul,,3.904,
120,,Nova Brasilândia,,3.791,
121,,Nova Marilândia,,3.731,
122,,Salto do Céu,,3.657,
123,,Santa Rita do Trivelato,,3.536,
124,,Rondolândia,,3.518,
125,,Planalto da Serra,,3.328,
126,,Novo Horizonte do Norte,,3.267,
127,,Porto Estrela,,3.141,
128,,Figueirópolis d'Oeste,,3.056,
129,,Tesouro,,2.935,
130,,Santa Cruz do Xingu,,2.904,
131,,Vale de São Domingos,,2.892,
132,,Glória d'Oeste,,2.878,
133,,Ribeirãozinho,,2.733,
134,,São José do Povo,,2.716,
135,,Luciara,,2.616,
136,,Santo Afonso,,2.416,
137,,Indiavaí,,2.172,
138,,Ponte Branca,,2.098,
139,,Novo Santo Antônio,,2.041,
140,,Reserva do Cabaçal,,2.020,
Menos de 2.000 habitantes,Menos de 2.000 habitantes,Menos de 2.000 habitantes,Menos de 2.000 habitantes,Menos de 2.000 habitantes,Menos de 2.000 habitantes
141,,Serra Nova Dourada,,1.941,
142,,Araguainha,,997,
,,,,,
