codigo_noticia,Quantidade de Chunks (Fragmentos),titulo_noticia,Justificativa
140624AGR_B,131,MST se mobiliza em Jornada da Natureza e da Juventude na semana do meio ambiente,Documento Completo/Relatório Longo
030924AGR_A,102,Legado de Mãe Bernadete cresce como raiz de luta no Quilombo Pitanga dos Palmares (BA),Documento Completo/Relatório Longo
260124AGR_A,100,Educação! Quilombolas de Santa Helena fazem denúncia por falta de acessos a escolas,Documento Completo/Relatório Longo
161224AGR_E,100,"O conhecimento agroecológico 'é uma das nossas últimas saídas' enquanto civilização, alerta presidente da ABA",Documento Completo/Relatório Longo
260124AGR_A,100,Cooperativa feminina transforma quintais produtivos em exemplos de sucesso,Documento Completo/Relatório Longo
010924AGR_B,95,MST denuncia ameaça às famílias em acampamento no Paraná,Documento Completo/Relatório Longo
240424AGR_C,94,Os quilombolas que estão desafiando mineradora britânica acusada de soterrar rio na Chapada Diamantina,Documento Completo/Relatório Longo
291024AGR_A,93,Fechamentode escolasdo campo ameaça comunidades rurais eprejudica acesso à educação no Paraná,Documento Completo/Relatório Longo
290524AGR_C,83,Conheça mulheres quilombolas que mobilizam territórios para enfrentar tragédia climática no RS,Documento Completo/Relatório Longo
240424AGR_A,83,Os quilombolas que estão desafiando mineradora britânica acusada de soterrar rio na Chapada Diamantina,Documento Completo/Relatório Longo
080324AGR_A,81,Terra fértil para os sonhos: Mulheres da Amazônia transformam quintais em fontes de vida e prosperidade,Documento Completo/Relatório Longo
170824AGR_D,78,"""Mãe Bernadete, presente"":  comunidade defende legado um ano  após crime",Documento Completo/Relatório Longo
161024AGR_A,76,"Solidariedade germina entre mulheres Sem Terra do Sul, em Jornada de enfrentamento à crise ambiental",Documento Completo/Relatório Longo
280824AGR_A,75,Exitoso Encontro da Liga dos Camponeses Pobres do Sul do Pará e Tocantins!,Documento Completo/Relatório Longo
121224AGR_A,74,MST só deixará sede do Incra mediante novos assentamentos,Documento Completo/Relatório Longo
201224AGR_D,71,MST traz balanço de 2024 celebrando os 40 anos de luta e perspectivas para a Reforma Agrária,Documento Completo/Relatório Longo
150824AGR_B,69,LCP exalta Revolução Agrária e convoca povos do campo a armarem grupos de autodefesa em nota sobre resistência de Corumbiara,Documento Completo/Relatório Longo
170524AGR_F,68,Governo decepciona movimento quilombola e não anunciatitulações,Documento Completo/Relatório Longo
110424AGR_A,66,"“Fazer a Reforma Agrária é garantir que esse planeta seja cuidado”  , afirma Gilmar Mauro",Documento Completo/Relatório Longo
280324AGR_B,66,"'Somos donos dessas terras!'  , bradam mulheres quilombolas do Sapê do Norte",Documento Completo/Relatório Longo
190224AGR_E,65,Comida de verdade na boca do povo,Documento Completo/Relatório Longo
120324AGR_L,63,Missão Josué de Castro é lançada no Senado Federal nesta segunda-feira (11),Documento Completo/Relatório Longo
120624AGR_D,63,Assentamento do MST em Eldorado aguarda análise do solo para voltar a produzir: ‘começar antes do zero’,Documento Completo/Relatório Longo
261124AGR_F,63,"Amazônia também é Quilombola: resistência e celebração no XIX Encontro das Comunidades Quilombolas de Santarém, no Pará",Documento Completo/Relatório Longo
210824AGR_D,62,CPT/MG: 45 anos de luta com conquistas à custa de sangue,Documento Completo/Relatório Longo
281024AGR_C,62,"Eólicas provocam insegurança alimentar e morte de animais, alertam entidades",Documento Completo/Relatório Longo
100524AGR_B,62,“Antonio Tavares está vivo nas pessoas que acreditam na luta e não desistem”,Documento Completo/Relatório Longo
190424AGR_A,60,Mesa Quilombola é retomada após seis anos,Documento Completo/Relatório Longo
111224AGR_C,60,O papel das mulheres na construção do poder popular e soberania alimentar foi destaque em encontro nacional,Documento Completo/Relatório Longo
190424AGR_A,60,"Mesa Quilombola é retomada após seis anos Retorno celebra os dez anos de criação da mesa de negociação. Processos de identificação, reconhecimento e  regularização fundiária de territórios foram o tema principal",Documento Completo/Relatório Longo
140124AGR_B,58,"Chocolate e soberania: um retrato do assentamento Terra Vista, do MST",Documento Completo/Relatório Longo
160924AGR_B,58,"15º Encontrão da Teia de Povos e Comunidades do Maranhão: bem viver, territórios livres e retomada da luta marcaram esta edição da jornada",Documento Completo/Relatório Longo
200924AGR_B,55,Quilombolas conquistam acordo para regularizar território de Alcântara (MA),Documento Completo/Relatório Longo
250324AGR_A,54,"Quem era o agricultor e líder de acampamento do MST encontrado carbonizado em Alhandra, na Paraíba",Documento Completo/Relatório Longo
090424AGR_C,54,Comunidades quilombolas enfrentam os desafios persistentes da seca na Amazônia,Documento Completo/Relatório Longo
270424AGR_C,53,MST e outras entidades pressionam governo para que país cumpra sentença da Corte IDH sobre camponês morto pela PM em 2000,Documento Completo/Relatório Longo
010324AGR_E,53,"Em 2024, Jornada das Mulheres Sem Terra destaca luta pela terra, corpo e território",Documento Completo/Relatório Longo
210824AGR_A,52,15 anos sem Elton Brum: o sonho do agricultor assassinado pela PM segue vivo nas lutas do MST,Documento Completo/Relatório Longo
150324AGR_B,52,Mulheres fazem ato em Porto Alegre pelo fim do feminicídio e contra todas as violências,Documento Completo/Relatório Longo
260324AGR_C,51,Jovens camponeses e quilombolas entregaram mais de 4 toneladas de alimentos para ao programa,Documento Completo/Relatório Longo
180324AGR_B,50,"MST comemora novo assentamento com presença de ministro e mais de mil convidados, em Ponta Grossa (PR)",Documento Completo/Relatório Longo
161224AGR_D,49,"PE: Em Audiência Pública, camponeses de Barro Branco desmascaram as mentiras do INCRA e denunciam as ações terroristas do movimento Invasão Zero",Documento Completo/Relatório Longo
201224AGR_G,49,Feministas das Américas se preparam para ação internacional contra as guerras em 2025,Documento Completo/Relatório Longo
231124AGR_B,49,"Pesquisadores negros, quilombolas, religiosas e sociedade dialogaram sobre o feriado nacional do Dia da Consciência Negra",Documento Completo/Relatório Longo
161024AGR_B,49,"Operação policial no Pará mata dois sem-terra, e presos denunciam torturas",Documento Completo/Relatório Longo
070224AGR_A,49,MST discute desafios da reforma agrária e crise do capitalismo em encontro estadual na Fazenda Annoni,Documento Completo/Relatório Longo
061024AGR_A,47,Mulheres agricultoras de Presidente Tancredo Neves ampliam renda com programas de aquisição de alimentos,Documento Completo/Relatório Longo
261124AGR_G,46,EnconASA: Semiárido brasileiro avança com propostas inovadoras de convivência e sustentabilidade,Documento Completo/Relatório Longo
280224AGR_B,46,Homenagem aos 40 anos do MST reafirma luta pela reforma agrária,Documento Completo/Relatório Longo
250424AGR_A,46,Comunidade Tradicional Fundo de Pasto Caldeirãozinho celebra o lançamento do Mapeamento Agroecológico do Território,Documento Completo/Relatório Longo
170424AGR_C,46,"Assentamento em Eldorado dos Carajás quer reparação por massacre Após 28 anos, sobreviventes ainda lutam pela reforma  agrária",Documento Completo/Relatório Longo
240624AGR_C,45,Araucária em pé: pinhão é fonte de renda e alimentação a comunidades do MST no Paraná,Documento Completo/Relatório Longo
131024AGR_B,44,Produção do MST no Rio Grande do Sul manteve solo preservado mesmo após enchente,Documento Completo/Relatório Longo
091224AGR_A,43,Encontro dos amigos e amigas do MST propõe debate franco entre aliados e fortalece aliança para avançar na Reforma Agrária,Documento Completo/Relatório Longo
240124AGR_A,43,RO: Camponeses do Acampamento Élcio Machado respondem ameaça de despejo com protesto em frente à Comarca de Ariquemes,Documento Completo/Relatório Longo
201224AGR_E,43,Quilombolas cobram regularização de territórios com processos parados há mais de 20 anos,Documento Completo/Relatório Longo
181224AGR_A,43,"NOTA PÚBLICA: Em Rondônia, Ação do MPF favorece mais de 300 famílias do acampamento Élcio Machado, que se encontram ameaçadas de despejo",Documento Completo/Relatório Longo
120324AGR_I,42,"Zema endurece contra o MST,  enquanto construtora da família é ré por  invasão",Documento Completo/Relatório Longo
100124AGR_C,42,Território Quilombola Sudário de Pinheiro (MA) sofre ataque de invasores,Documento Completo/Relatório Longo
271124AGR_B,42,MST realiza V Festival de Arte e Cultura das Escolas do Campo do Ceará,Documento Completo/Relatório Longo
191224AGR_A,42,"Pesquisadoras apresentam resultados de estudos sobre impacto dos agrotóxicos no Acampamento Leonir Orback, em Goiás",Documento Completo/Relatório Longo
150424AGR_G,40,"Mil famílias do MST ocupam usina falida CBB, no entorno do Distrito Federal",Documento Completo/Relatório Longo
150624AGR_D,40,Nova Santa Rita (RS) celebra inauguração de área de preservação em assentamento do MST,Documento Completo/Relatório Longo
201124AGR_A,40,"Massacre de Felisburgo, que assassinou cinco militantes do MST, completa 20 anos sem justiça",Documento Completo/Relatório Longo
210124AGR_A,39,"600 alfabetizandos do programa ‘Sim, Eu Posso!’ são certificados em Feira de Santana",Documento Completo/Relatório Longo
290524AGR_E,39,Comunidades denunciam injustiças socioambientais na 12a Romaria em Defesa da Vida em Campo Alegre de Lourdes,Documento Completo/Relatório Longo
080124AGR_A,39,Assentados do MST cobram melhorias nas estradas rurais em Sant'Ana do Livramento (RS),Documento Completo/Relatório Longo
100324AGR_B,38,"Justiça indefere reintegração de posse, mas Zema mantém cerco policial",Documento Completo/Relatório Longo
311024AGR_C,38,Elizabeth Teixeira foi eleita para receber homenagem na Câmara dos Deputados,Documento Completo/Relatório Longo
260624AGR_C,37,Comunidade quilombola denuncia ação da PM que apreendeu balsa no Pará; vídeo mostra policial usando termo racista,Documento Completo/Relatório Longo
100324AGR_A,37,Justiça nega reintegração em fazenda ocupada pelo MST em Minas Gerais,Documento Completo/Relatório Longo
150124AGR_A,37,Sâmia Farias é conduzida pelo MST ao cargo de defensora geral na 15a Posse Popular,Documento Completo/Relatório Longo
080124AGR_B,37,"MA: Guardas municipais mortos revela acirramento da disputa da grilagem no estado, afirma Comitê de Solidariedade à Luta Pela Terra",Documento Completo/Relatório Longo
170524AGR_A,36,Chuvas no RS destroem lavouras de arroz e hortaliças do MST e provocam prejuízo de R$ 64 milhões,Documento Completo/Relatório Longo
140524AGR_B,36,"Junto aos movimentos e representantes das comunidades, CPT Pará realiza lançamento do caderno Conflitos no Campo 2023",Documento Completo/Relatório Longo
220624AGR_B,36,MST lança campanha em solidariedade às crianças do movimento sem terra no RS,Documento Completo/Relatório Longo
241224AGR_A,36,MST doa 20 toneladas de alimentos no Norte do Paraná,Documento Completo/Relatório Longo
120324AGR_G,35,"MST vai às ruas contra anistia de golpistas, diz liderança: 'democracia tem que se consolidar'",Documento Completo/Relatório Longo
110224AGR_B,35,Lei que limita direito à terra de comunidades tradicionais maranhenses é questionada na Justiça,Documento Completo/Relatório Longo
250624AGR_A,35,Arraiá da Reforma Agrária no Ceará celebra a cultura popular e a trajetória do MST ao longo dos seus 40 anos,Documento Completo/Relatório Longo
300924AGR_A,35,‘Pela Revolução Agrária e contra as queimadas’: Manifestação anti-latifúndio estremece SP,Documento Completo/Relatório Longo
080324AGR_F,35,Mulheres camponesas ocupam sedes do Incra e cobram retomada de orçamento para a reforma agrária,Documento Completo/Relatório Longo
280724AGR_C,35,Marcha das mulheres negras une gerações  Rio de Janeiro,Documento Completo/Relatório Longo
190424AGR_C,34,Líder da CPT critica governo Lula: 'sem intenção de fazer reforma agrária',Documento Completo/Relatório Longo
171224AGR_A,34,Croatá: a luta pela terra e pela vida às margens do Rio São Francisco,Documento Completo/Relatório Longo
281124AGR_C,34,Violência policial marca ocupação no TO durante Jornada de Contra a Violência às Mulheres,Documento Completo/Relatório Longo
271224AGR_A,34,"Campo deve estar no centro do projeto de país para que a reforma agrária avance, diz Stedile",Documento Completo/Relatório Longo
150424AGR_A,34,Famílias de assentamento legalizado pelo Incra são intimidadas pela PM em Campos dos Goytacazes,Documento Completo/Relatório Longo
130424AGR_A,34,"Conheça o 'Roçado das Marias', ação do MST incentiva autonomia das mulheres no campo",Documento Completo/Relatório Longo
170624AGR_A,33,Marca do MST participa de maior feira de alimentos naturais da América Latina,Documento Completo/Relatório Longo
180924AGR_A,33,Campanha contra a Violência no Campo realiza plenária nacional para discutir sobre eleições municipais e violência no campo,Documento Completo/Relatório Longo
250124AGR_B,33,[VÍDEO] Trabalhadores sem terra são agredidos enquanto aravam o solo em acampamento do MST na Paraíba,Documento Completo/Relatório Longo
220624AGR_A,33,ENTREVISTA: Camponeses relatam sobre Área Revolucionária Renato Nathan em meio à ameaças de despejo,Documento Completo/Relatório Longo
250624AGR_B,33,Famílias do MST reconstroem moradias em acampamento incendiado na Paraíba: 'Vamos ficar até o fim',Documento Completo/Relatório Longo
271124AGR_F,33,Posseiros de Pinhão se reorganizam e avançam em diálogo com INCRA,Documento Completo/Relatório Longo
030224AGR_A,32,Máquinas chinesas para agricultura familiar começam a ser testadas no RN,Documento Completo/Relatório Longo
260824AGR_E,32,Comunidade quilombola enfrenta falta de água em Brumadinho,Documento Completo/Relatório Longo
150224AGR_H,32,ITAIPU ASSINA EM CURITIBA CONVÊNIO QUE BENEFICIA 3.500 FAMÍLIAS DA AGRICULTURA FAMILIAR,Documento Completo/Relatório Longo
140124AGR_A,32,Posseiros da Mata Sul Pernambucana defendem suas terras e rejeitam acordos com latifúndio,Documento Completo/Relatório Longo
170524AGR_G,32,"'Ancestralizando o futuro': quilombolas cobram titulação de terras durante segunda edição do Aquilombar, no DF",Documento Completo/Relatório Longo
190424AGR_B,32,MST realiza ato em defesa da Reforma Agrária na  Assembleia Legislativa da Bahia,Documento Completo/Relatório Longo
030324AGR_B,32,"Soja não-transgênica em assentamentos da reforma agrária avança após parceria entre Embrapa, MST e UFSCar",Documento Completo/Relatório Longo
270324AGR_D,32,"Disputa sobre mineração rende ameaças a lideranças do Quilombo Queimadas, no Serro",Documento Completo/Relatório Longo
201224AGR_B,32,"O que se sabe até agora sobre a morte de idosa Faxinalense Líder de movimentos sociais, em Pinhão",Documento Completo/Relatório Longo
120924AGR_A,32,MST DFE encerra Jornada de Lutas após negociação com Governo Federal,Documento Completo/Relatório Longo
280724AGR_D,32,"Manifestantes do MST alegam ameaças da Polícia Militar durante ocupação e deixam fazenda, em Mirante do Paranapanema; SSP-SP diz que saída foi 'espontânea'",Documento Completo/Relatório Longo
130424AGR_C,31,Reforma poderia colocar fim a conflitos agrários no Rio Doce e no Brasil,Documento Completo/Relatório Longo
250424AGR_B,31,Comunidade denuncia ameaça de fechamento de escola no campo com mais de 500 estudantes,Documento Completo/Relatório Longo
220824AGR_D,31,Comissão Pastoral da Terra quer a questão agrária na pauta de prefeituráveis,Documento Completo/Relatório Longo
300924AGR_B,31,"Grande resistência camponesa em Barro Branco, Pernambuco, frustra ataques de pistoleiros armados do latifúndio",Documento Completo/Relatório Longo
161224AGR_C,31,Territórios de resistência: MST pressiona governo por desapropriação de áreas simbólicas antes do Natal,Documento Completo/Relatório Longo
300724AGR_E,31,Conheça a Caravana da Educação do Campo na Bahia,Documento Completo/Relatório Longo
150824AGR_D,31,MST impulsiona agroecologia e energia solar para fortalecer comunidades rurais,Documento Completo/Relatório Longo
251224AGR_B,31,Natal solidário une MST e Coletivo LGBT no combate à fome em Paranavaí,Documento Completo/Relatório Longo
251124AGR_C,31,Grupo do MST bloqueia trecho da BR-262 em Anastácio,Documento Completo/Relatório Longo
021224AGR_B,31,MA: Primeiro simpósio A Luta pela Terra no Maranhão mobiliza comunidade acadêmica e sociedade civil em São Luís,Documento Completo/Relatório Longo
241224AGR_D,31,Centro Feminista 8 de Março entrega mais de R$ 300 mil em fomento rural para mulheres em parceria com o Governo do Estado e ASA,Documento Completo/Relatório Longo
051224AGR_A,31,Arte e cultura como ferramentas da luta por reforma agrária,Documento Completo/Relatório Longo
090824AGR_B,31,Londrina: Famílias do assentamento Eli Vive protestam para que Prefeitura conclua obras em estradas rurais,Documento Completo/Relatório Longo
070924AGR_D,30,"Comunidade quilombola é invadida e destruída por homens armados, denunciam moradores",Documento Completo/Relatório Longo
270324AGR_C,30,COEQTO e comunidades quilombolas participam de cerimônia de lançamento do Programa Aquilomba Tocantins,Documento Completo/Relatório Longo
230124AGR_D,30,MST encerra 9a turma do Curso Pedagogia com educadores(as) das escolas do campo,Documento Completo/Relatório Longo
270324AGR_A,30,"Após ocupação de mulheres sem-terra, centenas de famílias podem ter assentamento definitivo em MG",Documento Completo/Relatório Longo
081224AGR_B,30,"Ativistas negras do Nordeste refletem: “A Marcha das Mulheres Negras em 2025, no Brasil, já é um movimento global”",Documento Completo/Relatório Longo
261124AGR_E,30,MST-PB realiza 2a Jornada Universitária em Defesa da Reforma Agrária para debater novas formas de luta e resistência,Documento Completo/Relatório Longo
151224AGR_A,30,Camponeses realizam panfletagem na feira de Messias-AL,Documento Completo/Relatório Longo
140324AGR_E,30,"'Finalmente, depois de 24 anos, a justiça chegou' , diz MST após sentença sobre morte de Antônio Tavares",Documento Completo/Relatório Longo
220824AGR_E,30,Povos e Comunidades tradicionais destaca a importância da luta coletiva na defesa dos territórios,Documento Completo/Relatório Longo
150324AGR_A,30,Ocupação do MST em Lagoa Santa intensifica luta pela reforma agrária em MG,Documento Completo/Relatório Longo
261124AGR_D,30,"Quilombolas de Araçuaí, Minas Gerais, denunciam tentativa de assassinato de lideranças",Documento Completo/Relatório Longo
010124AGR_B,30,"Esquerda precisa de um programa radical anticapitalismo, afirma Stédile",Documento Completo/Relatório Longo
310524AGR_F,30,PROGRAMA QUINTAIS DAS MARGARIDAS FORTALECE AUTONOMIA DAS MULHERES DO SEMIARIDO NORDESTINO,Documento Completo/Relatório Longo
031024AGR_A,30,"‘Os mandatos dos movimentos sociais estão colocando a política a serviço dos que mais precisam’  , diz dirigente sem terra",Documento Completo/Relatório Longo
290424AGR_A,29,MST ocupa a sede do Incra em Alagoas em protesto contra novo indicado de Lira,Documento Completo/Relatório Longo
150224AGR_F,29,Assentados se solidarizam com desabrigados em Cáceres,Documento Completo/Relatório Longo
140324AGR_G,29,CONTRAF-Brasil propõe um PAC da agricultura familiar ao governo federal,Documento Completo/Relatório Longo
270624AGR_A,29,Preparar jornada de luta para defender a Reforma Agrária O Movimento Popular de Luta (MPL) luta pela reforma agrária reunindo centenas defamílias,Documento Completo/Relatório Longo
090924AGR_A,29,Feira em Goiás aponta reforma agrária como saída para alimentação saudável e combate à fome,Documento Completo/Relatório Longo
080324AGR_D,29,Mulheres do MST protestam na embaixada de Israel no DF por cessar-fogo e fim do genocídio palestino,Documento Completo/Relatório Longo
270224AGR_C,29,"“Não adianta só oferecer mais crédito, é preciso incentivar a produção nacional”  , aponta Stédile",Documento Completo/Relatório Longo
070424AGR_A,29,"Em todo o país, Sem Terrinha se solidarizam com as crianças palestinas",Documento Completo/Relatório Longo
060824AGR_B,28,Fiocruz e Movimento dos Pequenos Agricultores realizam curso sobre agroecologia e biopoder camponês,Documento Completo/Relatório Longo
260324AGR_A,28,Governo Tarcísio muda o nome de assentamento do MST de Che Guevara para Irmã Dulce,Documento Completo/Relatório Longo
290224AGR_A,28,Assentamento do MST é referência em cursos de formação agroecológica no Rio Grande do Sul,Documento Completo/Relatório Longo
290724AGR_A,28,MST comemora anúncio de vitória de Maduro e sofre críticas nos comentários,Documento Completo/Relatório Longo
121124AGR_A,28,Movimentos sociais se mobilizam para construção de proposta da Política de Agroecologia do Tocantins,Documento Completo/Relatório Longo
151124AGR_A,28,Governador de Alagoas é cobrado em protesto de posseiros em Messias,Documento Completo/Relatório Longo
291124AGR_C,28,Comunidade quilombola do município de Conde recebe 4o Encontro de Batuques da Paraíba,Documento Completo/Relatório Longo
030624AGR_A,27,Padre é preso durante ocupação sem terra de fazenda na Amazônia brasileira,Documento Completo/Relatório Longo
290124AGR_A,27,Crianças Sem Terra são impedidas de estudar no município de Hidrolândia,Documento Completo/Relatório Longo
120124AGR_C,27,Manifestantes do MST e CUT abrem cancelas de pedágio da Ecosul em Rio Grande,Documento Completo/Relatório Longo
241124AGR_E,27,‘Crime de Estado’: LCP denuncia Chacina de posseiros da Mutamba e responsabiliza governo federal,Documento Completo/Relatório Longo
211224AGR_A,27,"Movimento Luta pela Terra realiza protesto dentro de atacarejo MIX MATEUS, na Caxangá",Documento Completo/Relatório Longo
160924AGR_C,27,Mais de 60 famílias assentadas no PDS Osvaldo de Oliveira enfrentam nova tentativa de despejo,Documento Completo/Relatório Longo
221124AGR_A,27,Créditos da reforma agrária chegam pela primeira  vez a quilombolas cearenses,Documento Completo/Relatório Longo
221124AGR_D,27,Camponeses denunciam nova ofensiva do ‘Invasão Zero’,Documento Completo/Relatório Longo
300724AGR_G,27,“Pode haver derramento de sangue”: fazendeiros ameaçam assentados do Incra e tensão aumenta em Itanhangá (MT) – áudios e vídeos,Documento Completo/Relatório Longo
080624AGR_A,27,Contra crise ambiental: MST conclui lançamento aéreo de 12 toneladas de sementes de árvores ameaçadas de extinção no Paraná,Documento Completo/Relatório Longo
251124AGR_D,27,"Cinzas de Nalu Faria são levadas à Escola Florestan Fernandes do MST, em cerimônia de homenagem à feminista",Documento Completo/Relatório Longo
070724AGR_A,27,RN sedia 3o Encontro Nacional da Marcha Mundial das Mulheres,Documento Completo/Relatório Longo
080324AGR_C,27,Mulheres do MST realizam ato em frente a revendedora de armas da Taurus em São Paulo,Documento Completo/Relatório Longo
180324AGR_A,27,Vitória da luta: Escolas do Campo fechadas ilegalmente por Ratinho Jr. retomam atividades,Documento Completo/Relatório Longo
150224AGR_E,27,Quilombolas gaúchos recebem portarias de reconhecimento em mãos,Documento Completo/Relatório Longo
131124AGR_A,27,Reforma agrária popular e massificação da agroecologia são propostas centrais do MST ao G20,Documento Completo/Relatório Longo
170524AGR_E,27,"Por solidariedade ao RS, MST confirma adiamento do Congresso Nacional para 2025",Documento Completo/Relatório Longo
110324AGR_A,26,800 famílias organizadas pelo MST ocupam latifúndio em MG e área da Codevasf em BA em resposta à ‘lentidão na reforma agrária’,Documento Completo/Relatório Longo
161224AGR_A,26,Líder do MST chama gestão da reforma agrária do governo Lula de vergonhosa,Documento Completo/Relatório Longo
160224AGR_C,26,MST realiza 3o curso de Carnaval e desfila com a Leões da Mocidade,Documento Completo/Relatório Longo
300324AGR_A,26,Produção de cacau em áreas da Reforma Agrária gera sabores e regeneração  do bioma,Documento Completo/Relatório Longo
110324AGR_B,26,TCE pede auditoria da PM por cerco em acampamento do MST em Minas Gerais,Documento Completo/Relatório Longo
231224AGR_A,26,Fundador do MST volta a criticar inércia do governo na reforma agrária,Documento Completo/Relatório Longo
080524AGR_A,26,Feiras Ecológicas lançam campanha para ajudar assentamentos atingidos pelas enchentes,Documento Completo/Relatório Longo
280524AGR_C,26,"Além de defensora pública, padre e agentes da Comissão Pastoral também estão entre detidos por invasão de terra",Documento Completo/Relatório Longo
180324AGR_D,26,Feira agroecológica de troca de sementes e mudas fortalece agricultura familiar em Santarém,Documento Completo/Relatório Longo
310524AGR_A,26,LCP emite nota de falecimento ‘COMPANHEIRO JOSÉ GAUDINO! PRESENTE NA LUTA!’,Documento Completo/Relatório Longo
220824AGR_H,26,"Armazém do Campo do Recife recebe feira de agricultura camponesa, debates sobre soberania alimentar e música",Documento Completo/Relatório Longo
130424AGR_D,26,Encontro Estadual de Saúde e Agroecologia do MST SP discute 7o Congresso Nacional,Documento Completo/Relatório Longo
061124AGR_A,26,"O 14o Encontro das Crianças Sem Terrinha do Paraná reuniu cerca de 450 crianças do Movimento Sem Terra (MST), de todo o estado do Paraná. O evento aconteceu em Almirante Tamandaré, região metropolitana de Curitiba, nos dias 23 a 25 de outubro. Com o objetivo de proporcionar um espaço para que as crianças Sem Terrinha",Documento Completo/Relatório Longo
250724AGR_A,26,Jornada do MST cobra mais investimentos na Reforma Agrária para a produção de alimentos,Documento Completo/Relatório Longo
281224AGR_A,26,Acampamento do MST sofre ameaça de despejo e tem escola e casas demolidas no RN,Documento Completo/Relatório Longo
071224AGR_A,26,"Na presença de ministros, MST critica paralisia da reforma agrária no governo Lula",Documento Completo/Relatório Longo
031124AGR_A,26,Camponeses de Messias protestam contra crimes da Usina Utinga Leão,Documento Completo/Relatório Longo
040924AGR_B,26,Mostra das Margaridas ocupa Brasília com produção e luta das mulheres camponesas,Documento Completo/Relatório Longo
090324AGR_A,26,MST acusa PM de fazer cerco e impedir entrada de suprimentos em acampamento de MG... Leia mais em https://www.cartacapital.com.br/sociedade/mst-acusa-pm-de-fazer-cerco-e-impedir-entrada-de-suprimentos-em-acampamento-de-mg/. O conteúdo de CartaCapital está protegido pela legislação brasileira sobre direito autoral. Essa defesa é necessária para manter o jornalismo corajoso e transparente de CartaCapital vivo e acessível a todos,Documento Completo/Relatório Longo
010324AGR_A,25,Assentamento do MST é referência em cursos de formação agroecológica no Rio Grande do Sul,Documento Completo/Relatório Longo
040624AGR_C,25,"Líder de assentamento é executado em estrada rural, diz PM",Documento Completo/Relatório Longo
290524AGR_A,25,Fetag reúne autoridades em busca de soluções para regularização fundiária na PB,Documento Completo/Relatório Longo
231024AGR_C,25,PM de Alagoas promove despejo ilegal em Área Revolucionária a serviço de latifundiário ligado ao Ministro da Defesa,Documento Completo/Relatório Longo
210824AGR_B,25,"“No semiárido, a vulnerabilidade das famílias ainda é explorada em troca de votos”  , denuncia ASA; assista à entrevista",Documento Completo/Relatório Longo
050624AGR_B,25,"Homens armados colocam fogo em acampamento de famílias em Silva Jardim, no RJ",Documento Completo/Relatório Longo
070324AGR_B,25,"Comunidades tradicionais entregam à SEMA documento “Salvaguardas Socioambientais para Energia Renovável""",Documento Completo/Relatório Longo
030924AGR_C,25,Assentados da barragem de Manso pedem apoio jurídico da Defensoria,Documento Completo/Relatório Longo
251224AGR_A,25,Escola de Cinema no Campo fomenta produção audiovisual feita por camponeses do MST no Pará,Documento Completo/Relatório Longo
170424AGR_E,25,Trabalhadores do MST ocupam sede da Seduc para reivindicar melhorias na educação no  campo,Documento Completo/Relatório Longo
150424AGR_D,25,MST ocupa fazenda improdutiva em Campinas (SP) em denúncia ao capital imobiliário e por reforma agrária,Documento Completo/Relatório Longo
140324AGR_B,24,Nova condenação: Corte Interamericana considera Estado brasileiro  responsável por morte de sem-terra,Documento Completo/Relatório Longo
161024AGR_D,24,"Decreto autoriza desapropriações de áreas no território quilombola de Arvinha, no norte gaúcho",Documento Completo/Relatório Longo
150624AGR_A,24,MST faz campanha de arrecadação para vítimas de ataque a acampamento na Paraíba,Documento Completo/Relatório Longo
180424AGR_A,24,"Arte e luta: em defesa da reforma agrária e rumo a seu 7o Congresso Nacional, MST realiza sarau no Dia de Luta pela Terra",Documento Completo/Relatório Longo
010824AGR_C,24,Justiça concede liberdade a militantes do MST presos em ação policial violenta no Maranhão,Documento Completo/Relatório Longo
201224AGR_A,24,"Agricultores de acampamento em Lábrea, no sul do Amazonas, voltam a denunciar agressões e destruição de barracos",Documento Completo/Relatório Longo
040124AGR_C,24,Coordenador do MST reclama da falta de “comando político” de Lula em 2023,Documento Completo/Relatório Longo
271224AGR_B,24,Inauguração de agroindústria artesanal em Belterra promete fortalecer a economia local e sustentabilidade,Documento Completo/Relatório Longo
280224AGR_C,24,Sessão solene da Câmara homenageia 40 anos do Movimento dos Sem Terra,Documento Completo/Relatório Longo
280924AGR_B,24,Liderança Quilombola é assassinada no Pará,Documento Completo/Relatório Longo
300424AGR_A,24,Famílias desocupam Coqueirinho com 'esperança renovada' na reforma agrária,Documento Completo/Relatório Longo
300724AGR_B,24,CamponesesocupamoIncra durantelançamentodapublicação ConflitosnoCampoBrasil2023,Documento Completo/Relatório Longo
130124AGR_A,24,"Em reunião com lideranças quilombolas, Jerônimo Rodrigues traça alinhamento para políticas públicas territoriais em comunidades",Documento Completo/Relatório Longo
201224AGR_C,24,"Assentamento Senhor do Bonfim, em Alagoinha (PB), celebra 28 anos de luta pela terra",Documento Completo/Relatório Longo
081124AGR_B,23,Liderança do Seringal Belmont escapa de tocaia em Rondônia,Documento Completo/Relatório Longo
080124AGR_C,23,"Em nota, LCP condena ataque armado contra dirigente da FNL",Documento Completo/Relatório Longo
070824AGR_B,23,"Em processo de assentamento, comunidade no Pará relata ameaças e intimidações",Documento Completo/Relatório Longo
070624AGR_A,23,MST realiza plantio de árvores em ocupação que enfrenta ação judicial de reintegração de posse em Patos (PB),Documento Completo/Relatório Longo
280624AGR_A,23,"No Grito da Terra, movimentos levam pauta do impacto das renováveis",Documento Completo/Relatório Longo
010124AGR_A,23,"""Nosso governo"", diz MST sobre gestão Lula em balanço 2023",Documento Completo/Relatório Longo
030324AGR_A,23,MST monta acampamento em frente a fazenda no Rio Grande do Sul,Documento Completo/Relatório Longo
031224AGR_A,23,MST faz vigília no Incra em Porto Alegre e ocupa fazendas em Pedras Altas no RS,Documento Completo/Relatório Longo
210524AGR_B,23,24º Grito da Terra Brasil reúne agricultores e agricultoras familiares de todo o país,Documento Completo/Relatório Longo
210924AGR_A,23,MST refloresta área de  assentamento na região do Vale  do Rio Doce,Documento Completo/Relatório Longo
240724AGR_A,23,MST e governo estadual negociam área para agricultores desalojados pelas enchentes,Documento Completo/Relatório Longo
241224AGR_C,23,Projeto Jovem Cerrado realiza etapa final com práticas agroecológicas em Caseara,Documento Completo/Relatório Longo
100924AGR_A,23,Famílias do MST DF e Entorno ocupam Superintendência do Incra,Documento Completo/Relatório Longo
110624AGR_A,23,"'Não recuaremos'  , dizem acampados do MST na  PB após serem amarrados e terem barracos queimados",Documento Completo/Relatório Longo
230324AGR_A,23,Acampamento do MST no DF recebe frente parlamentar para debater função social da terra,Documento Completo/Relatório Longo
161024AGR_E,23,Quilombolas de Graúna reivindicam investimentos em educação,Documento Completo/Relatório Longo
010924AGR_A,22,"Em meio a incêndio, policiais agridem moradores do Acampamento Marielle Vive, em Valinhos",Documento Completo/Relatório Longo
300424AGR_B,22,Fazendeiros invadem acampamento do MST e destroem plantações em Itabela (BA),Documento Completo/Relatório Longo
170424AGR_B,22,Ruralistas cercam acampamento e ameaçam integrantes do MST no Espírito Santo,Documento Completo/Relatório Longo
300524AGR_B,22,Mutirão camponês prepara mudas de batata-doce para pequenos agricultores atingidos,Documento Completo/Relatório Longo
150824AGR_E,22,CTB acompanha a Jornada das Margaridas em Brasília,Documento Completo/Relatório Longo
201024AGR_A,22,Livro infantil de escritora quilombola entrelaça tradição e resistência em narrativa acessível,Documento Completo/Relatório Longo
261124AGR_C,22,Mulheres do campo e da cidade pedem o fim da violência em ação nesta segunda-feira (25),Documento Completo/Relatório Longo
271124AGR_E,22,Encontro reúne mulheres negras quilombolas e periféricas em Cachoeira (BA),Documento Completo/Relatório Longo
050424AGR_C,22,"Plantio de árvores marca Jornada “Palestina Vive, Resiste e será Livre”",Documento Completo/Relatório Longo
110324AGR_C,22,"Juiz faz visita técnica a acampamento do MST em Lagoa Santa, Minas Gerais",Documento Completo/Relatório Longo
110924AGR_A,22,"MST conquista assento de povos do campo, águas e florestas no Conselho de Cultura do Ceará",Documento Completo/Relatório Longo
240424AGR_B,22,Entidades repudiam declaração racialmente insensível de vereador,Documento Completo/Relatório Longo
231124AGR_C,22,Agricultores viajam cerca de 800 km para expor produtos na Feira da Agricultura Familiar do Piauí,Documento Completo/Relatório Longo
120324AGR_K,22,"SETOR DE ORGÂNICOS CRITICA, EM MANIFESTO,  BAIXA  REPRESENTATIVIDADE EM CONSELHO DO PROGRAMA DE BIOINSUMOS",Documento Completo/Relatório Longo
280524AGR_A,22,Unemat recebe 11a edição da Jornada Universitária em Defesa da Reforma Agrária,Documento Completo/Relatório Longo
040624AGR_B,22,Atividade reúne mulheres catadoras e sem terra em BH para debater o cuidado com o planeta,Documento Completo/Relatório Longo
050724AGR_B,22,Políticas públicas para a agroecologia pautaram debate no Parlamento,Documento Completo/Relatório Longo
111224AGR_A,21,AL: Camponeses e estudantes realizam vitoriosa plenária na UFAL em apoio à luta dos posseiros de Messias,Documento Completo/Relatório Longo
260224AGR_B,21,Encontro da Juventude Rural mobiliza Novo Cabrais,Documento Completo/Relatório Longo
231224AGR_B,21,PR: Liderança faxinalense envolvida na luta peça terra é assassinada no Paraná,Documento Completo/Relatório Longo
231224AGR_C,21,Movimentos sociais em alerta para defender assentamento Osvaldo de Oliveira em Macaé,Documento Completo/Relatório Longo
120424AGR_A,21,"No 3o dia Sem Terra seguem em marcha por Reforma  Agrária Popular, na BA",Documento Completo/Relatório Longo
190224AGR_D,21,Líder do MST elogia '  coragem  ' de Lula por comparar Israel em Gaza à  ação de Hitler,Documento Completo/Relatório Longo
181124AGR_A,21,Cooperativa Central das Áreas de Reforma Agrária do Ceará realiza II Fórum de Agroecologia e Certificação Orgânica,Documento Completo/Relatório Longo
160124AGR_A,21,Agricultores promovem mutirão com práticas orgânicas em Lagoa de Itaenga,Documento Completo/Relatório Longo
020724AGR_A,21,Protesto de agricultores deixa Bolsonaro retido por uma hora em rodovia no interior do Pará,Documento Completo/Relatório Longo
230124AGR_A,21,Acampamento em Pinheiros pressiona por assentamento de 200 famílias,Documento Completo/Relatório Longo
210224AGR_C,21,Programa uma Terra e Duas águas: Projeto vai realizar visitas para identificar as famílias com potencial para receber as cisternas,Documento Completo/Relatório Longo
190324AGR_A,21,"MAM denuncia ameaça de violência a comunidade quilombola de Queimadas, no Serro (MG)",Documento Completo/Relatório Longo
070324AGR_A,21,Mulheres de diversos movimentos populares organizam luta em acampamento na capital da Bahia,Documento Completo/Relatório Longo
081124AGR_A,21,"Decisão do STJ marca vitória do MST no Quilombo Campo Grande (MG), após 27 anos de conflito",Documento Completo/Relatório Longo
090524AGR_C,21,MST promove o 1o Encontro Nacional de Travestis e Transexuais Sem Terra em Fortaleza,Documento Completo/Relatório Longo
311224AGR_B,21,Agroecologia precisa de mais investimentos do Estado,Documento Completo/Relatório Longo
220224AGR_B,20,Semas e comunidade quilombola de Gurupá discutem projeto de créditos de carbono,Documento Completo/Relatório Longo
200724AGR_A,20,Lula diz ao MST e movimentos sociais que atenderá demanda por mais diálogo,Documento Completo/Relatório Longo
191124AGR_A,20,"Novembro Quilombola: MPF obtém decisão favorável à comunidade quilombola Água Preta, em MG",Documento Completo/Relatório Longo
150324AGR_C,20,Realizado o Tribunal Popular contra a grilagem e crimes do latifúndio em Junco do Maranhão,Documento Completo/Relatório Longo
281024AGR_B,20,Nota pública do MST sobre acordo de Mariana- MG,Documento Completo/Relatório Longo
041224AGR_C,20,Trabalhadores do Movimento Sem Terra fazem ocupação de duas áreas na região de PedrasAltas,Documento Completo/Relatório Longo
290924AGR_A,20,TERRITÓRIO QUILOMBOLA ‘BREJÃO DO  SNEGROS’ COMEMORA FESTADA COLHEITA DO ARROZ  AGROECOLÓGICO EM SERGIPE,Documento Completo/Relatório Longo
240824AGR_A,20,O 3o Encontro Nacional da Marcha Mundial das Mulheres e a força das mulheres em movimento no Brasil,Documento Completo/Relatório Longo
260724AGR_A,20,Acampamento do MST que foi incendiado celebra seu recomeço na Paraíba,Documento Completo/Relatório Longo
070924AGR_A,20,MST na Bahia realiza o 1o Seminário Estadual de Saúde Popular e Agroecologia,Documento Completo/Relatório Longo
120724AGR_A,20,PFDC restabelece trabalhos do Fórum de Direitos e Combate à Violência no Campo,Documento Completo/Relatório Longo
080324AGR_G,20,MST invade fazenda em MG por lentidão para “reforma agrária”,Documento Completo/Relatório Longo
141224AGR_A,20,"Em Caruaru, MST reúne militância e aliados para avaliar cenário de lutas e planejar 2025",Documento Completo/Relatório Longo
230124AGR_C,20,"Começou o 1o Curso de Formação do Acampamento Sebastião Salles, no RS",Documento Completo/Relatório Longo
250724AGR_C,19,"População não tem dimensão da importância da agricultura familiar, que leva comida à mesa, diz coordenador do MST",Documento Completo/Relatório Longo
311224AGR_A,19,"Camponeses derrotam tentativa criminosa de intimidação do latifúndio aos posseiros de Barro Branco, em Jaqueira",Documento Completo/Relatório Longo
030124AGR_A,19,Movimentos sociais se queixam do distanciamento com Lula,Documento Completo/Relatório Longo
060924AGR_A,19,Recife: jovens acusam homem de agredi-los fisicamente por estarem com camisa do MST,Documento Completo/Relatório Longo
150424AGR_C,19,MST monta acampamento às margens da BR 101 em Campos,Documento Completo/Relatório Longo
130824AGR_A,19,Quarenta famílias ocupam área do governo do Estado em São José do Calçado,Documento Completo/Relatório Longo
130324AGR_B,19,Mulheres sem terra lutam por direitos,Documento Completo/Relatório Longo
020624AGR_A,19,"Com apoio do MST, pastor Wellington do Pinheiro lança pré-candidatura em Maceió",Documento Completo/Relatório Longo
020224AGR_A,19,"No Ceará, MST realiza a 15a Semana Pedagógica das Escolas do Campo",Documento Completo/Relatório Longo
170424AGR_D,19,"Abril Vermelho começa com mais de 24 ocupações em 11 estados, diz MST",Documento Completo/Relatório Longo
161224AGR_B,19,37o Encontro Estadual do MST na Bahia destaca a luta pela Reforma Agrária Popular,Documento Completo/Relatório Longo
271024AGR_A,19,Posseiros de Barro Branco recuperam e levantam acampamento em área destruída pelo Invasão Zero,Documento Completo/Relatório Longo
040324AGR_A,19,AM: Camponeses da comunidade Marielle Franco denunciam sequestros e tortura de pistolagem,Documento Completo/Relatório Longo
160524AGR_B,18,Colheita coletiva de arroz aumenta produção de assentamentos maranhanses,Documento Completo/Relatório Longo
301124AGR_B,18,PM reprime manifestantes do MST em Porto Nacional,Documento Completo/Relatório Longo
201024AGR_B,18,Remanescente quilombola de Rondônia é premiada em edital nacional do Cultura Viva,Documento Completo/Relatório Longo
150124AGR_B,18,Quilombolas recebem Prêmio Carolina Maria de Jesus de Literatura Produzida por Mulheres,Documento Completo/Relatório Longo
200524AGR_A,18,MA: Camponeses se levantam contra Lei da Grilagem em todo o estado,Documento Completo/Relatório Longo
181024AGR_A,18,Macaé Evaristo se reúne com direção do MST: 'A luta por terra faz parte de um processo que educa o Brasil',Documento Completo/Relatório Longo
170424AGR_A,18,MST: Reforma agrária é 'sonho do passado que permanece nos dias atuais',Documento Completo/Relatório Longo
011024AGR_B,18,‘A polícia mandou a gente ir para dentro para o trator passar por cima da gente’,Documento Completo/Relatório Longo
230824AGR_B,18,Governo se compromete com atendimento a prioridades da Marcha das Margaridas,Documento Completo/Relatório Longo
230424AGR_A,18,PE: Comitê de Apoio realiza ato em defesa dos posseiros de Barro Branco,Documento Completo/Relatório Longo
221124AGR_F,18,AL: LCP realiza vitoriosa marcha camponesa no Dia do Povo Preto em Messias,Documento Completo/Relatório Longo
090724AGR_B,18,MA: Comunidade do município de Timbiras é alvo de invasão e violência,Documento Completo/Relatório Longo
080924AGR_A,18,"Com apoio do governo Lula, MST expande parcerias na China, Cuba e Venezuela",Documento Completo/Relatório Longo
240724AGR_C,18,Território quilombola Arnesto Penna (RS) é incluído no programa de reforma agrária,Documento Completo/Relatório Longo
051224AGR_C,18,PM do fascista Eduardo Leite ataca trabalhadores sem terra,Documento Completo/Relatório Longo
271024AGR_B,18,Educação do Campo e Sustentabilidade Marcam 24o Encontro Estadual de Educadores do MST na Bahia; Governador Jerônimo Rodrigues participa,Documento Completo/Relatório Longo
160924AGR_G,18,"Sem consulta à comunidade quilombola, rodoanel é aprovado em conselho de Santa Luzia (MG)",Documento Completo/Relatório Longo
300724AGR_C,18,Curso de formação em agroecologia é organizado pelo Movimento dos Pequenos Agricultores no Rio,Documento Completo/Relatório Longo
120524AGR_B,18,MST realiza pré-inauguração de Armazém do Campo de JoãoPessoa,Documento Completo/Relatório Longo
270224AGR_B,18,"Assentados do MST se formam em curso técnico, como parte do processo de reparação do Rio Doce",Documento Completo/Relatório Longo
280124AGR_A,18,MST divulga Carta Compromisso e quer lançar candidaturas nas eleições de outubro,Documento Completo/Relatório Longo
050124AGR_A,18,Quilombolas lutam por melhorias nos serviços públicos,Documento Completo/Relatório Longo
050624AGR_C,18,O AGRONEGÓCIO É O VILÃO DO MEIO AMBIENTE,Documento Completo/Relatório Longo
280324AGR_A,18,CPERS e MST apresentam demandas da Educação do Campo à Secretaria da Educação,Documento Completo/Relatório Longo
251124AGR_A,17,"Polícia invade acampamento camponês Nova Esperança, em Rondônia",Documento Completo/Relatório Longo
270824AGR_A,17,MST tem 15 candidaturas próprias para as eleições municipais em Minas Gerais,Documento Completo/Relatório Longo
040824AGR_A,17,Acampamento do MST em Dourados (MS) sofre ataque com tiros e fogo; dezenas de pessoas passaram mal,Documento Completo/Relatório Longo
150424AGR_H,17,MST do Maranhão reúne mais de 200 famílias em Assembleia Popular,Documento Completo/Relatório Longo
211224AGR_B,17,"Após ameaça de despejo, famílias de acampamento no Pará celebram acordo para permanência",Documento Completo/Relatório Longo
221224AGR_B,17,Bahia instala Comissão de Agroecologia e Produção Orgânica,Documento Completo/Relatório Longo
121124AGR_C,17,Acampamento Vale do Amanhecer realiza assembleia para debater tentativa de reintegração de posse,Documento Completo/Relatório Longo
260324AGR_B,17,Cuidados com as mulheres Sem Terra destaca resistência feminina em assentamento na BA,Documento Completo/Relatório Longo
111124AGR_A,17,Raí se junta a camponeses e camponesas na 1a Copa da Reforma Agrária no Paraná,Documento Completo/Relatório Longo
100924AGR_D,17,MST no RJ denuncia tentativa de despejo de assentamento referência em agroecologia,Documento Completo/Relatório Longo
300724AGR_A,17,MST realiza jornada nacional pela terra em todo o Brasil,Documento Completo/Relatório Longo
231024AGR_A,17,Polícia Civil assassina e aterroriza trabalhadores rurais no Pará,Documento Completo/Relatório Longo
310524AGR_C,17,GOVERNO MUNICIPAL ACOLHE DEMANDAS DOS ASSENTAMENTOS ZUMBI DOS PALMARES E OLHO D'AGUA,Documento Completo/Relatório Longo
210824AGR_C,16,Movimentos populares destacam justiça climática e transição energética justa como temas relevantes para G20,Documento Completo/Relatório Longo
231224AGR_D,16,"Após 20 dias, acampados deixam sede do INCRA no RS após promessa de aquisição de duas áreas a curto prazo",Documento Completo/Relatório Longo
180424AGR_B,16,Manifestantes acampam no Incra e paralisam atendimento ao público,Documento Completo/Relatório Longo
301124AGR_A,16,"Camponeses expulsam PM durante retomada de Área Revolucionária Renato Nathan, no Alagoas",Documento Completo/Relatório Longo
010624AGR_A,16,Comissão Intersetorial pró Reforma Agrária realiza 5a Reunião Ordinária,Documento Completo/Relatório Longo
280224AGR_D,16,Uema estreita parcerias com representantes de instituições quilombolas,Documento Completo/Relatório Longo
020824AGR_B,16,PE: Estudantes fazem Missão de Solidariedade em Barro Branco – Jaqueira,Documento Completo/Relatório Longo
270724AGR_B,16,MST denuncia ação violenta da PM em manifestação por terras devolutas em SP,Documento Completo/Relatório Longo
050924AGR_A,16,"STF suspende despejo do Acampamento Canudos, do MST Paraíba; decisão beneficia mais de 56 famílias",Documento Completo/Relatório Longo
020824AGR_C,16,Famílias quilombolas de Itacaré celebram a regularização ambiental de suas propriedades rurais,Documento Completo/Relatório Longo
080324AGR_E,16,"Mulheres sem terra protestam na sede do Incra, no Recife",Documento Completo/Relatório Longo
100324AGR_D,16,"Mulheres do MST ocupam área da Codevasf, em Juazeiro, na Bahia",Documento Completo/Relatório Longo
100824AGR_A,16,Movimento dos Trabalhadores Rurais Sem Terra retoma a luta pela terra no Noroeste de Minas Gerais,Documento Completo/Relatório Longo
150624AGR_B,16,Agricultores reivindicam terras após três anos de assentamento,Documento Completo/Relatório Longo
190924AGR_B,16,"Em Tamandaré, liderança da luta por terra é espancada, sofre tentativa de homicídio e consegue fugir",Documento Completo/Relatório Longo
190924AGR_A,16,Agroindústria Nutrilê do MST-PB conquista três prêmios no XVIII Enel e fortalece a Reforma Agrária,Documento Completo/Relatório Longo
270724AGR_A,15,ATOE CAMINHADA PELA REFORMA AGRÁRIA POPULAR NO DIA DOS TRABALHADORES RURAIS É REALIZADO EM ARACAJU,Reportagem Extensa
010224AGR_A,15,"Codevasf, Incra e movimentos sociais firmam acordo de cooperação técnica para viabilizar a irrigação dos assentamentos da Reforma Agrária",Reportagem Extensa
270424AGR_A,15,Unicrab: iniciativa inédita reúne mais de 200 cooperativas da reforma agrária popular,Reportagem Extensa
270324AGR_B,15,MA: Camponeses de Barra do Corda realizam Audiência Pública para denunciar crimes do latifúndio,Reportagem Extensa
230424AGR_B,15,MA: Camponeses denunciam e enfrentam crimes do latifúndio,Reportagem Extensa
160924AGR_D,15,Defensoria impede despejo de 56 famílias do Movimento dos Trabalhadores Sem Terra na Paraíba,Reportagem Extensa
160524AGR_A,15,Cozinha solidária do MST conta com helicópteros e ambulâncias para levar marmitas no RS,Reportagem Extensa
180224AGR_B,15,35 anos do Movimento dos Trabalhadores Rurais Sem Terras (MST) no Pará e 40 anos nacional reúne mais de 500 pessoas para comemorar,Reportagem Extensa
150824AGR_C,15,MA: Ativistas e organizações populares realizam missão de solidariedade aos camponeses de Barra do Corda,Reportagem Extensa
180624AGR_B,15,PE: Camponeses protestam contra novo ataque do latifúndio no Engenho Barro Branco,Reportagem Extensa
010824AGR_D,15,2a Mesa Nacional Quilombola apresenta pauta de reivindicações em Brasília,Reportagem Extensa
160924AGR_F,14,Documentário denuncia crimes ambientais e mostra resistência dos povos tradicionais do Norte de Minas Gerais,Reportagem Extensa
181024AGR_B,14,SAF participa de seminário sobre fortalecimento da produção de arroz no Piauí,Reportagem Extensa
290824AGR_A,14,Acampamento do MST tem barracos incendiados e moradores suspeitam de crime: 'estavam esperando sair pra botar fogo',Reportagem Extensa
241124AGR_A,14,MST denuncia tortura da PM do Tocantins após ocupação realizada em jornada contra violência,Reportagem Extensa
110424AGR_B,14,"I Encontro de Mulheres Acampadas é realizado no Acampamento Renascer, em Mato Grosso",Reportagem Extensa
130924AGR_C,14,Pequeno produtor de Corumbá ganha Prêmio Brasil Artesanal de Mel,Reportagem Extensa
150424AGR_F,14,"Em Jornada de Lutas, MST ocupa fazenda em Agudos, interior de São Paulo",Reportagem Extensa
180324AGR_C,14,"Piratini: Assentamento Conquista da Liberdade completa 32 anos e festa reúne famílias, apoiadores e simpatizantes da causa",Reportagem Extensa
171224AGR_C,14,Encontro promove diálogos sobre políticas públicas para autonomia das mulheres do campo,Reportagem Extensa
171224AGR_C,14,Juventudes do assentamento Almir Muniz participam de atividade de pesquisa no memorial das ligas e lutas camponesas,Reportagem Extensa
150424AGR_I,14,"No Ceará, MST ocupa área no perímetro da Barragem Lago de Fronteiras em Crateús",Reportagem Extensa
190224AGR_A,13,MST ocupa latifúndio improdutivo no município de Tamboril (CE),Reportagem Extensa
160324AGR_A,13,ARQMOB promove reunião na Comunidade Quilombola Patauá do Umirizal,Reportagem Extensa
250724AGR_B,13,Militantes do MST fecham BR 101 em Campos para reivindicar Reforma Agrária,Reportagem Extensa
100124AGR_B,13,Líder de movimento social é preso em nova invasão à fazenda em Trancoso,Reportagem Extensa
220124AGR_B,13,MST fecha BRs em vários pontos na Bahia em solidariedade ao povo Pataxó Hã-Hã-Hãe,Reportagem Extensa
261024AGR_D,12,Seminário Estadual das Agroindústrias Familiares discute  inovação no setor,Reportagem Extensa
070924AGR_B,12,Famílias Sem Terra ocupam latifúndio no Mirante do Paranapanema (SP),Reportagem Extensa
070824AGR_A,12,Servidores do Incra e ANU realizam ato conjunto em defesa da reforma agrária e  valorização,Reportagem Extensa
100524AGR_C,12,Rafael Fonteles discute pautas da agricultura com representantes do MST,Reportagem Extensa
010824AGR_B,12,MA: Ativistas do MST são presos em incursão da PM em acampamento sem mandado judicial,Reportagem Extensa
260424AGR_B,12,Grupo protesta em frente a GPM após suposta agressão de policiais contra jovem quilombola,Reportagem Extensa
160824AGR_A,12,Armazém do Campo é declarado Patrimônio Cultural Imaterial do Rio de Janeiro,Reportagem Extensa
140624AGR_A,12,MST tem campanha permanente pelo fim da LGBTfobia no campo,Reportagem Extensa
170624AGR_B,11,"MST entrega 20 toneladas de alimentos através do PAA, no extremo sul da Bahia",Reportagem Extensa
121124AGR_D,11,"NOTA PÚBLICA - CRIMINOSOS ARMADOS ATACAM COMUNIDADE QUILOMBOLA DO BAÚ, EM ARAÇUAÍ-MG",Reportagem Extensa
261024AGR_C,11,Famílias quilombolas da comunidade Pitombeira no Piauí são reconhecidas pelo Incra,Reportagem Extensa
011024AGR_A,11,Latifundiários assassinam candidato do MST em Minas Gerais,Reportagem Extensa
060124AGR_A,11,‘Conquistar a Terra (Hino da Revolução Agrária)’: Novo clipe do grupo Terravante,Reportagem Extensa
041224AGR_A,11,MST ocupa sede do Incra para cobrar reforma agrária e cestas básicas,Reportagem Extensa
110824AGR_A,11,Militantes do MST marcham em prol da reforma agrária em Canaã dos Carajás,Reportagem Extensa
120324AGR_M,11,Resistência quilombola e a retomada de territórios ancestrais,Reportagem Extensa
231124AGR_A,11,MEC participa de inauguração de escola em assentamento,Reportagem Extensa
050624AGR_D,11,Manifestantes protestam contra omissão da Prefeitura pelo afundamento do solo em Maceió,Reportagem Extensa
200224AGR_A,11,Polícia invade comunidade e tenta prender sem terra,Reportagem Extensa
021124AGR_A,10,Jagunços expulsam mais de 700 famílias de suas terras,Reportagem Extensa
090424AGR_A,10,MST ocupa área do governo federal no extremo sul da Bahia em demanda por reforma agrária,Reportagem Extensa
241124AGR_B,10,Nessa segunda o MST combate a violência contra as mulheres,Reportagem Extensa
050624AGR_A,10,Movimentos da luta pela reforma agrária ocupam novamente a sede do Incra em Maceió,Reportagem Extensa
220424AGR_A,10,Construir Reforma Agrária Popular: moção de apoio à Jornada Nacional de Lutas do MST,Reportagem Extensa
230724AGR_A,10,MST ocupa sede do Incra em Goiânia por criação de novos assentamentos,Reportagem Extensa
170524AGR_D,10,Agricultor relata sofrer ameaças de morte em Moreno,Reportagem Extensa
130624AGR_B,10,Sesporte recebe comitê tratar da realização da I Copa Estadual dos Quilombolas do Ceará,Reportagem Extensa
010824AGR_A,10,Quase 500 famílias camponesas ocupam dois latifúndios na Bahia,Reportagem Extensa
170124AGR_A,10,FETAG-PI abre processo seletivo para contratação de Coordenadora de Campo,Reportagem Extensa
150424AGR_B,9,"Mais de 400 famílias do MST iniciam acampamentos em busca do sonho da terra, no Paraná",Reportagem Extensa
150424AGR_E,9,MST ocupa latifúndios em Pernambuco em luta pela Reforma Agrária,Reportagem Extensa
080324AGR_B,9,MST invade Centro Administrativo do Estado e cobra reforma agrária,Reportagem Extensa
290924AGR_B,9,Plenária de assentamentos em Porto Seguro discute demandas e fortalece candidatura de Preto do MST,Reportagem Extensa
221024AGR_A,9,Sem Terra protestam em Messias por posse de fazendas,Reportagem Extensa
261124AGR_B,9,Entrevista com Crys Rios – “1o Lugar da Associação Jaqueira no edital Elas que Produzem”,Reportagem Extensa
041124AGR_C,9,MST da Paraíba inicia formação de agentes ambientais para enfrentar crise climática,Reportagem Extensa
241224AGR_B,8,Assentamento Nova Esperança celebra 23 anos de história em Capão do Cipó,Reportagem Extensa
030824AGR_A,8,CPT denuncia novo ataque contra acampamento em Rondônia,Reportagem Extensa
130424AGR_B,8,MST: 400 famílias ocupam fazenda em Itabela,Reportagem Extensa
250124AGR_A,8,Agehab participa de encontro que debate soluções para habitação quilombola em Goiás,Reportagem Extensa
120624AGR_B,7,REUNIÃO DA FECAMPO TEVE DEBATE DE CONJUNTURA E PLANO DE AÇÕES,Reportagem Extensa
050724AGR_A,2,MST inaugura novo Armazém do Campo DF com feira e ato político-cultural,Tamanho Padrão (Notícia normal)
050724AGR_A,2,Movimentos populares se reúnem com ministros em prévia de encontro com Lula em julho,Tamanho Padrão (Notícia normal)
310124AGRA_A,1,"Codevasf, Incra e movimentos sociais firmam acordo de cooperação técnica para viabilizar a irrigação dos assentamentos da Reforma Agrária",Texto curto ou PDF escaneado (baixa extração)
020424AGR_D,1,Comunidade quilombola de Baía Formosa conquista topografia de seu território,Texto curto ou PDF escaneado (baixa extração)
020524AGR_B,1,"Sem acordo com o governo e contra indicação de Lira, movimentos chegam ao quarto dia de ocupação do Incra em AL.",Texto curto ou PDF escaneado (baixa extração)
020524AGR_A,1,Escola com cerca de 500 estudantes camponeses denuncia a ameaça de fechamento no Paraná,Texto curto ou PDF escaneado (baixa extração)
16052024AGR_A,1,Cozinha solidária do MST conta com helicópteros e ambulâncias para levar marmitas no RS,Texto curto ou PDF escaneado (baixa extração)
16032024AGR_A,1,Presidentado SINJUSC celebra 40 anos do Movimento de Mulheres Camponesas,Texto curto ou PDF escaneado (baixa extração)
190222AGR_F,1,Mulheres da Via Campesina iniciam  jornada de luta,Texto curto ou PDF escaneado (baixa extração)
111024AGR_B,1,Acampamento Fidel Castro conquista certificação orgânica para horta comunitária no PR.,Texto curto ou PDF escaneado (baixa extração)
230524AGR_A,1,Reforma agrária e alimento no prato: pauta da CUT,Texto curto ou PDF escaneado (baixa extração)
220324AGR_C,1,Pistoleiros ameaçam famílias de agricultores em ocupação em Porto Velho (RO),Texto curto ou PDF escaneado (baixa extração)
220524AGR_A,1,MST critica projeto que penaliza invasores de terras aprovado pela Câmara,Texto curto ou PDF escaneado (baixa extração)
220824AGR_A,1,Lula toma para si agenda da reforma agrária e reúne ministros; veja detalhes de plano de assentamentos,Texto curto ou PDF escaneado (baixa extração)
210324AGR_A,1,MST faz pressão e conquista vitórias na luta por reforma agrária em MG,Texto curto ou PDF escaneado (baixa extração)
210324AGR_E,1,"""Saídas para crise ambiental e as mudanças climáticas estão no terreno da luta política"", alerta carta aberta",Texto curto ou PDF escaneado (baixa extração)
130424AGR_E,1,STF suspende reintegração em área ocupada por comunidade tradicional na BA,Texto curto ou PDF escaneado (baixa extração)
210324AGR_C,1,Camponeses realizam tribunal popular para julgamento de crimes de grilagem no Maranhão,Texto curto ou PDF escaneado (baixa extração)
121024AGR_D,1,"LCP emite comunicado: ‘Os paramilitares bolsonaristas estão levando sua guerra covarde ao campo, é guerra o que eles vão ter!’",Texto curto ou PDF escaneado (baixa extração)
121024AGR_C,1,PM invade acampamento Boa Vista e despeja 500 famílias,Texto curto ou PDF escaneado (baixa extração)
121024AGR_A,1,Famílias tem casas e plantações destruídas por incêndio em acampamento do MST,Texto curto ou PDF escaneado (baixa extração)
141014AGR_A,1,Como a reforma agrária transformou um latifúndio escravagista em agrofloresta produtiva no Pará,Texto curto ou PDF escaneado (baixa extração)
140424AGR_A,1,MST volta a ocupar áreas da Embrapa Semiárido em Petrolina e exige ações do governo,Texto curto ou PDF escaneado (baixa extração)
14122024AGR_A,1,"Em Caruaru, MST reúne militância e aliados para avaliar cenário de lutas e planejar 2025",Texto curto ou PDF escaneado (baixa extração)
141024AGR_D,1,"‘O agro já está lá há muito tempo e chegou a hora de nós irmos para cima’, diz sem terra eleito vereador em Caruaru",Texto curto ou PDF escaneado (baixa extração)
200524AGR_B,1,"MST lança ""2ª Jornada da Natureza"" para combater crise ambiental no Paraná",Texto curto ou PDF escaneado (baixa extração)
200324AGR_I,1,Comunidade quilombola de Rondônia conquista construção de casas com recursos do Incra,Texto curto ou PDF escaneado (baixa extração)
200324AGR_J,1,MST anuncia fim da ocupação de fazenda na Grande BH após reunião com Incra,Texto curto ou PDF escaneado (baixa extração)
200324AGR_N,1,MPPE reúne posseiros e proprietários para garantir regularização fundiária de quase 400 hectares na zona rural de Itambé,Texto curto ou PDF escaneado (baixa extração)
200324AGR_G,1,Pistoleiros aterrorizam famílias de acampamento em Porto Velho,Texto curto ou PDF escaneado (baixa extração)
200324AGR_C,1,Justiça proíbe entrada de novas famílias em ocupação do MST na Grande BH,Texto curto ou PDF escaneado (baixa extração)
200324AGR_D,1,Acampamento sem terra sofre despejo em Caruaru,Texto curto ou PDF escaneado (baixa extração)
200324AGR_E,1,PE: Camponeses retomam fontes d'água do latifúndio após derrotar pistoleiros em confronto,Texto curto ou PDF escaneado (baixa extração)
1712224AGR_B,1,Assembleia Legislativa entrega Medalha do Mérito Farroupilha a João Pedro Stedile,Texto curto ou PDF escaneado (baixa extração)
151024AGR_B,1,Polícia mata dois sem-terra e movimentos denunciam execuções e tortura contra acampamento no Pará,Texto curto ou PDF escaneado (baixa extração)
151024AGR_A,1,Quilombolas de Jacuizinho (RS) vão integrar o Programa Nacional de Reforma Agrária,Texto curto ou PDF escaneado (baixa extração)
150524AGR_B,1,Novo acampamento do MST denuncia genocídio na Palestina,Texto curto ou PDF escaneado (baixa extração)
151024AGR_C,1,Dia do Professor e da Professora é de luta para profissionais e estudantes da educação no campo paranaense,Texto curto ou PDF escaneado (baixa extração)
180724AGR_A,1,MST debate cadeia produtiva do leite no interior de São Paulo,Texto curto ou PDF escaneado (baixa extração)
151024AGR_D,1,PE: AND e organizações democráticas promovem debate sobre a luta pela terra em Petrolina,Texto curto ou PDF escaneado (baixa extração)
11224AGR_A,1,AL: Camponeses e estudantes realizam vitoriosa plenária na UFAL em apoio à luta dos posseiros de Messias,Texto curto ou PDF escaneado (baixa extração)
260224AGR_A,1,Lideranças Quilombolas de Saco das Almas  denunciam ameaças de invasão em seu território,Texto curto ou PDF escaneado (baixa extração)
2602241AGR_A,1,Lideranças Quilombolas de Saco das Almas denunciam ameaças de invasão em seu território,Texto curto ou PDF escaneado (baixa extração)
081024AGR_A,1,Incêndio proposital atinge assentamento do MST no Vale do Paraíba; Famílias iniciam reconstrução.,Texto curto ou PDF escaneado (baixa extração)
081024AGR_B,1,DF: intimidação e ameaças continuam no acampamento terra prometida,Texto curto ou PDF escaneado (baixa extração)
091024AGR_C,1,MST elege sete vereadores em seis cidades do Rio Grande do Sul,Texto curto ou PDF escaneado (baixa extração)
080624AGR_D,1,Ato em frente à sede do governo gaúcho cobra responsabilização pelas enchentes,Texto curto ou PDF escaneado (baixa extração)
240524AGR_B,1,MST culpa extrema-direita por aprovação de PL que impede invasores de receber benefícios do governo federal,Texto curto ou PDF escaneado (baixa extração)
240524AGR_F,1,"Feira da Reforma Agrária de SP reúne produção do campo, cultura, debates e gastronomia em Campinas",Texto curto ou PDF escaneado (baixa extração)
101024AGR_C,1,"Na zona da mata paraibana, camponeses enfrentam pistoleiros e Estado pelo direito à terra",Texto curto ou PDF escaneado (baixa extração)
240524AGR_A,1,Cozinhas solidárias já produziram 50 mil refeições com alimentos da Reforma Agrária Popular no RS,Texto curto ou PDF escaneado (baixa extração)
240224AGR_A,1,SÃO PAULO- Famílias agricultoras iniciam entregas de alimentos às cozinhas solidárias pelo PAA,Texto curto ou PDF escaneado (baixa extração)
060524AGR_A,1,"Violência, trabalho escravo e alimentos contaminados: o alerta dos movimentos do campo à população alagoana",Texto curto ou PDF escaneado (baixa extração)
270724AGR_D,1,"Manifestantes do MST alegam ameaças da Polícia Militar durante ocupação e deixam fazenda, em Mirante do Paranapanema; SSP-SP diz que saída foi 'espontânea'",Texto curto ou PDF escaneado (baixa extração)
270524AGR_B,1,Assentados relatam sobre as perdas ao ministro Paulo Pimenta e Edegar Pretto em Eldorado do Sul,Texto curto ou PDF escaneado (baixa extração)
050424AGR_B,1,RS: Latifundiários ameaçam camponeses em luta pela terra,Texto curto ou PDF escaneado (baixa extração)
060424AGR_A,1,Assentados e acampados do MST apresentam demandas em audiência pública na Câmara Legislativa do DF,Texto curto ou PDF escaneado (baixa extração)
280824AGR_B,1,Cooperativa da reforma agrária entrega uma tonelada de carne para combate à fome em Porto Alegre,Texto curto ou PDF escaneado (baixa extração)
06052024AGR_A,1,Movimento quilombola participa de novo ato de servidores no INCRA em Sergipe,Texto curto ou PDF escaneado (baixa extração)
030424AGR_E,1,Grito da Terra entrega pauta a Lula: ‘O governo precisa investir mais no campo’,Texto curto ou PDF escaneado (baixa extração)
050424AGR_A,1,BA: Acampamento Mãe Bernadete realiza corte popular enfrentando bando de pistoleiros,Texto curto ou PDF escaneado (baixa extração)
040424AGR_B,1,TRF extingue processos da Prefeitura de Hidrolândia e determina posse de fazenda a famílias do MST,Texto curto ou PDF escaneado (baixa extração)
040524AGR_B,1,Fazendeiros invadem acampamento do MST e destroem plantações em Itabela (BA),Texto curto ou PDF escaneado (baixa extração)
050124AGR_B,1,"Laticínios de assentamento na Paraíba Laticínios de assentamento na Paraíba
conquistam prêmios em evento nordestino conquistam prêmios em evento nordestino
do setor",Texto curto ou PDF escaneado (baixa extração)
040524AGR_A,1,Centenas de famílias do MST ocupam área em Minas Gerais,Texto curto ou PDF escaneado (baixa extração)
010324AGR_C,1,“A luta do MST hoje não é só pela terra”,Texto curto ou PDF escaneado (baixa extração)
030524AGR_A,1,"Camponeses, indígenas e quilombolas realizam Festival da Reforma Agrária na Praça da Faculdade",Texto curto ou PDF escaneado (baixa extração)
AGR221024B,1,Estratégias para entrega e operacionalização de lotes irrigados em Ponto Novo são alinhadas durante reunião,Texto curto ou PDF escaneado (baixa extração)
AGR221024D,1,"Acampados no INCRA, movimento Quilombola do Maranhão exige regularização fundiária",Texto curto ou PDF escaneado (baixa extração)
AGR2410124C,1,"Educação do Campo é destaque em encontro estadual com educadores do MST, em Salvador",Texto curto ou PDF escaneado (baixa extração)
AGR241024,1,Famílias camponesas ocupam sede do Incra no Recife e garantem avanços em vistorias para a Reforma Agrária,Texto curto ou PDF escaneado (baixa extração)
AGR241024B,1,MST retoma o plantio de arroz agroecológico no RS após enchente,Texto curto ou PDF escaneado (baixa extração)
AGR251024B,1,"MAB e MST celebram assinatura do novo acordo de reparação de Mariana, mas seguem em luta",Texto curto ou PDF escaneado (baixa extração)
